ATL,2016-01-01,803,791,
ATL,2016-01-02,975,972,
ATL,2016-01-03,1036,1040,
ATL,2016-01-04,1014,1016,
ATL,2016-01-05,972,972,
ATL,2016-01-06,981,982,
ATL,2016-01-07,1026,1018,
ATL,2016-01-08,1016,1021,
ATL,2016-01-09,735,746,
ATL,2016-01-10,948,943,
ATL,2016-01-11,1037,1046,
ATL,2016-01-12,1004,1004,
ATL,2016-01-13,1018,1016,
ATL,2016-01-14,1050,1041,
ATL,2016-01-15,1041,1048,
ATL,2016-01-16,699,706,
ATL,2016-01-17,789,784,
ATL,2016-01-18,1037,1039,
ATL,2016-01-19,1008,1014,
ATL,2016-01-20,1011,1011,
ATL,2016-01-21,1048,1046,
ATL,2016-01-22,878,918,
ATL,2016-01-23,614,610,
ATL,2016-01-24,896,865,
ATL,2016-01-25,1039,1029,
ATL,2016-01-26,998,1002,
ATL,2016-01-27,1015,1011,
ATL,2016-01-28,1046,1038,
ATL,2016-01-29,1045,1047,
ATL,2016-01-30,728,735,
ATL,2016-01-31,906,897,
ATL,2016-02-01,1035,1038,
ATL,2016-02-02,984,981,
ATL,2016-02-03,1009,994,
ATL,2016-02-04,1042,1035,
ATL,2016-02-05,1039,1040,
ATL,2016-02-06,719,726,
ATL,2016-02-07,799,791,
ATL,2016-02-08,1033,1042,
ATL,2016-02-09,995,1003,
ATL,2016-02-10,1015,1012,
ATL,2016-02-11,1050,1044,
ATL,2016-02-12,1066,1060,
ATL,2016-02-13,743,748,
ATL,2016-02-14,891,890,
ATL,2016-02-15,1010,1022,
ATL,2016-02-16,1033,1022,
ATL,2016-02-17,1058,1056,
ATL,2016-02-18,1062,1063,
ATL,2016-02-19,1069,1068,
ATL,2016-02-20,781,784,
ATL,2016-02-21,989,988,
ATL,2016-02-22,1057,1059,
ATL,2016-02-23,1050,1051,
ATL,2016-02-24,1001,1025,
ATL,2016-02-25,1064,1051,
ATL,2016-02-26,1066,1063,
ATL,2016-02-27,776,779,
ATL,2016-02-28,991,992,
ATL,2016-02-29,1063,1064,
ATL,2016-03-01,1044,1019,
ATL,2016-03-02,1069,1063,
ATL,2016-03-03,1094,1088,
ATL,2016-03-04,1087,1087,
ATL,2016-03-05,905,907,
ATL,2016-03-06,1042,1041,
ATL,2016-03-07,1100,1101,
ATL,2016-03-08,1066,1074,
ATL,2016-03-09,1068,1068,
ATL,2016-03-10,1092,1091,
ATL,2016-03-11,1091,1088,
ATL,2016-03-12,911,919,
ATL,2016-03-13,1047,1048,
ATL,2016-03-14,1089,1086,
ATL,2016-03-15,1069,1069,
ATL,2016-03-16,1079,1078,
ATL,2016-03-17,1103,1103,
ATL,2016-03-18,1104,1105,
ATL,2016-03-19,912,918,
ATL,2016-03-20,1054,1053,
ATL,2016-03-21,1104,1102,
ATL,2016-03-22,1075,1080,
ATL,2016-03-23,1056,1058,
ATL,2016-03-24,1084,1022,
ATL,2016-03-25,1098,1096,
ATL,2016-03-26,917,914,
ATL,2016-03-27,1049,1052,
ATL,2016-03-28,1101,1102,
ATL,2016-03-29,1080,1084,
ATL,2016-03-30,1073,1075,
ATL,2016-03-31,1092,1091,
ATL,2016-04-01,1091,1090,
ATL,2016-04-02,878,885,
ATL,2016-04-03,1049,1046,
ATL,2016-04-04,1100,1100,
ATL,2016-04-05,1095,1100,
ATL,2016-04-06,1105,1097,
ATL,2016-04-07,1114,1116,
ATL,2016-04-08,1115,1116,
ATL,2016-04-09,903,908,
ATL,2016-04-10,1069,1068,
ATL,2016-04-11,1110,1114,
ATL,2016-04-12,1091,1094,
ATL,2016-04-13,1100,1101,
ATL,2016-04-14,1127,1127,
ATL,2016-04-15,1126,1127,
ATL,2016-04-16,896,898,
ATL,2016-04-17,1065,1059,
ATL,2016-04-18,1116,1117,
ATL,2016-04-19,1106,1112,
ATL,2016-04-20,1113,1108,
ATL,2016-04-21,1126,1124,
ATL,2016-04-22,1129,1130,
ATL,2016-04-23,899,902,
ATL,2016-04-24,1069,1070,
ATL,2016-04-25,1122,1126,
ATL,2016-04-26,1095,1111,
ATL,2016-04-27,1110,1107,
ATL,2016-04-28,1126,1129,
ATL,2016-04-29,1125,1122,
ATL,2016-04-30,892,886,
ATL,2016-05-01,1073,1071,
ATL,2016-05-02,1122,1125,
ATL,2016-05-03,1106,1114,
ATL,2016-05-04,1108,1105,
ATL,2016-05-05,1134,1133,
ATL,2016-05-06,1135,1135,
ATL,2016-05-07,829,836,
ATL,2016-05-08,1019,1015,
ATL,2016-05-09,1135,1134,
ATL,2016-05-10,1109,1119,
ATL,2016-05-11,1119,1116,
ATL,2016-05-12,1135,1133,
ATL,2016-05-13,1134,1135,
ATL,2016-05-14,890,897,
ATL,2016-05-15,1084,1080,
ATL,2016-05-16,1135,1136,
ATL,2016-05-17,1115,1115,
ATL,2016-05-18,1121,1119,
ATL,2016-05-19,1135,1134,
ATL,2016-05-20,1136,1138,
ATL,2016-05-21,893,894,
ATL,2016-05-22,1089,1085,
ATL,2016-05-23,1138,1137,
ATL,2016-05-24,1119,1123,
ATL,2016-05-25,1117,1117,
ATL,2016-05-26,1131,1138,
ATL,2016-05-27,1134,1135,
ATL,2016-05-28,875,880,
ATL,2016-05-29,863,867,
ATL,2016-05-30,1044,1043,
ATL,2016-05-31,1110,1118,
CLT,2016-01-01,283,282,
CLT,2016-01-02,260,282,
CLT,2016-01-03,315,290,
CLT,2016-01-04,309,316,
CLT,2016-01-05,284,284,
CLT,2016-01-06,324,325,
CLT,2016-01-07,327,326,
CLT,2016-01-08,325,325,
CLT,2016-01-09,251,248,
CLT,2016-01-10,281,284,
CLT,2016-01-11,284,284,
CLT,2016-01-12,281,281,
CLT,2016-01-13,324,324,
CLT,2016-01-14,326,326,
CLT,2016-01-15,325,325,
CLT,2016-01-16,252,246,
CLT,2016-01-17,282,290,
CLT,2016-01-18,283,282,
CLT,2016-01-19,281,283,
CLT,2016-01-20,324,325,
CLT,2016-01-21,321,302,
CLT,2016-01-22,0,0,
CLT,2016-01-23,84,101,
CLT,2016-01-24,219,225,
CLT,2016-01-25,278,254,
CLT,2016-01-26,282,280,
CLT,2016-01-27,325,325,
CLT,2016-01-28,325,325,
CLT,2016-01-29,325,324,
CLT,2016-01-30,251,249,
CLT,2016-01-31,284,288,
CLT,2016-02-01,286,285,
CLT,2016-02-02,281,285,
CLT,2016-02-03,327,324,
CLT,2016-02-04,328,329,
CLT,2016-02-05,324,324,
CLT,2016-02-06,255,251,
CLT,2016-02-07,247,250,
CLT,2016-02-08,291,289,
CLT,2016-02-09,283,283,
CLT,2016-02-10,330,328,
CLT,2016-02-11,321,319,
CLT,2016-02-12,316,316,
CLT,2016-02-13,251,250,
CLT,2016-02-14,279,279,
CLT,2016-02-15,259,277,
CLT,2016-02-16,306,290,
CLT,2016-02-17,319,319,
CLT,2016-02-18,318,316,
CLT,2016-02-19,314,317,
CLT,2016-02-20,252,246,
CLT,2016-02-21,282,283,
CLT,2016-02-22,318,316,
CLT,2016-02-23,314,315,
CLT,2016-02-24,295,299,
CLT,2016-02-25,316,307,
CLT,2016-02-26,319,317,
CLT,2016-02-27,253,249,
CLT,2016-02-28,282,284,
CLT,2016-02-29,311,312,
CLT,2016-03-01,312,313,
CLT,2016-03-02,320,317,
CLT,2016-03-03,314,313,
CLT,2016-03-04,312,313,
CLT,2016-03-05,250,249,
CLT,2016-03-06,283,281,
CLT,2016-03-07,314,313,
CLT,2016-03-08,310,311,
CLT,2016-03-09,311,312,
CLT,2016-03-10,311,309,
CLT,2016-03-11,312,313,
CLT,2016-03-12,248,254,
CLT,2016-03-13,288,281,
CLT,2016-03-14,313,315,
CLT,2016-03-15,313,313,
CLT,2016-03-16,312,311,
CLT,2016-03-17,309,309,
CLT,2016-03-18,311,311,
CLT,2016-03-19,250,248,
CLT,2016-03-20,286,283,
CLT,2016-03-21,312,314,
CLT,2016-03-22,313,311,
CLT,2016-03-23,306,306,
CLT,2016-03-24,307,312,
CLT,2016-03-25,313,311,
CLT,2016-03-26,248,247,
CLT,2016-03-27,282,279,
CLT,2016-03-28,313,313,
CLT,2016-03-29,311,310,
CLT,2016-03-30,315,312,
CLT,2016-03-31,310,311,
CLT,2016-04-01,311,310,
CLT,2016-04-02,248,251,
CLT,2016-04-03,284,278,
CLT,2016-04-04,311,312,
CLT,2016-04-05,312,313,
CLT,2016-04-06,313,313,
CLT,2016-04-07,308,307,
CLT,2016-04-08,312,312,
CLT,2016-04-09,248,250,
CLT,2016-04-10,293,292,
CLT,2016-04-11,314,314,
CLT,2016-04-12,313,311,
CLT,2016-04-13,312,316,
CLT,2016-04-14,314,312,
CLT,2016-04-15,316,316,
CLT,2016-04-16,246,249,
CLT,2016-04-17,292,288,
CLT,2016-04-18,312,313,
CLT,2016-04-19,314,313,
CLT,2016-04-20,317,318,
CLT,2016-04-21,314,313,
CLT,2016-04-22,316,315,
CLT,2016-04-23,253,254,
CLT,2016-04-24,294,293,
CLT,2016-04-25,317,317,
CLT,2016-04-26,313,311,
CLT,2016-04-27,317,318,
CLT,2016-04-28,315,314,
CLT,2016-04-29,314,315,
CLT,2016-04-30,244,234,
CLT,2016-05-01,292,288,
CLT,2016-05-02,315,307,
CLT,2016-05-03,316,311,
CLT,2016-05-04,319,320,
CLT,2016-05-05,320,318,
CLT,2016-05-06,319,319,
CLT,2016-05-07,255,253,
CLT,2016-05-08,294,295,
CLT,2016-05-09,320,320,
CLT,2016-05-10,317,316,
CLT,2016-05-11,318,320,
CLT,2016-05-12,317,318,
CLT,2016-05-13,320,320,
CLT,2016-05-14,255,253,
CLT,2016-05-15,295,295,
CLT,2016-05-16,319,320,
CLT,2016-05-17,317,316,
CLT,2016-05-18,319,318,
CLT,2016-05-19,317,316,
CLT,2016-05-20,320,319,
CLT,2016-05-21,253,247,
CLT,2016-05-22,296,296,
CLT,2016-05-23,320,319,
CLT,2016-05-24,318,318,
CLT,2016-05-25,319,319,
CLT,2016-05-26,319,336,
CLT,2016-05-27,335,319,
CLT,2016-05-28,252,250,
CLT,2016-05-29,279,279,
CLT,2016-05-30,318,314,
CLT,2016-05-31,312,304,
DEN,2016-01-01,558,540,
DEN,2016-01-02,606,639,
DEN,2016-01-03,684,674,
DEN,2016-01-04,656,637,
DEN,2016-01-05,563,565,
DEN,2016-01-06,554,561,
DEN,2016-01-07,588,585,
DEN,2016-01-08,574,577,
DEN,2016-01-09,442,448,
DEN,2016-01-10,540,546,
DEN,2016-01-11,587,586,
DEN,2016-01-12,563,560,
DEN,2016-01-13,566,566,
DEN,2016-01-14,595,593,
DEN,2016-01-15,589,594,
DEN,2016-01-16,441,446,
DEN,2016-01-17,517,516,
DEN,2016-01-18,585,586,
DEN,2016-01-19,559,562,
DEN,2016-01-20,565,566,
DEN,2016-01-21,591,594,
DEN,2016-01-22,553,568,
DEN,2016-01-23,404,410,
DEN,2016-01-24,505,499,
DEN,2016-01-25,582,568,
DEN,2016-01-26,562,560,
DEN,2016-01-27,568,565,
DEN,2016-01-28,599,598,
DEN,2016-01-29,596,597,
DEN,2016-01-30,441,451,
DEN,2016-01-31,533,532,
DEN,2016-02-01,382,364,
DEN,2016-02-02,489,506,
DEN,2016-02-03,567,566,
DEN,2016-02-04,598,598,
DEN,2016-02-05,595,601,
DEN,2016-02-06,450,456,
DEN,2016-02-07,462,458,
DEN,2016-02-08,603,603,
DEN,2016-02-09,560,563,
DEN,2016-02-10,587,585,
DEN,2016-02-11,612,611,
DEN,2016-02-12,605,610,
DEN,2016-02-13,462,476,
DEN,2016-02-14,523,518,
DEN,2016-02-15,600,597,
DEN,2016-02-16,601,604,
DEN,2016-02-17,599,601,
DEN,2016-02-18,594,605,
DEN,2016-02-19,602,600,
DEN,2016-02-20,456,473,
DEN,2016-02-21,570,556,
DEN,2016-02-22,608,608,
DEN,2016-02-23,577,581,
DEN,2016-02-24,581,582,
DEN,2016-02-25,601,606,
DEN,2016-02-26,608,608,
DEN,2016-02-27,458,473,
DEN,2016-02-28,568,559,
DEN,2016-02-29,607,610,
DEN,2016-03-01,566,573,
DEN,2016-03-02,601,603,
DEN,2016-03-03,627,627,
DEN,2016-03-04,626,624,
DEN,2016-03-05,532,535,
DEN,2016-03-06,590,588,
DEN,2016-03-07,631,627,
DEN,2016-03-08,589,588,
DEN,2016-03-09,619,622,
DEN,2016-03-10,645,643,
DEN,2016-03-11,633,633,
DEN,2016-03-12,564,568,
DEN,2016-03-13,609,614,
DEN,2016-03-14,638,636,
DEN,2016-03-15,603,601,
DEN,2016-03-16,640,640,
DEN,2016-03-17,643,646,
DEN,2016-03-18,638,634,
DEN,2016-03-19,560,561,
DEN,2016-03-20,612,611,
DEN,2016-03-21,646,646,
DEN,2016-03-22,596,598,
DEN,2016-03-23,27,39,
DEN,2016-03-24,565,534,
DEN,2016-03-25,627,627,
DEN,2016-03-26,561,563,
DEN,2016-03-27,612,610,
DEN,2016-03-28,638,644,
DEN,2016-03-29,593,594,
DEN,2016-03-30,631,628,
DEN,2016-03-31,632,636,
DEN,2016-04-01,633,632,
DEN,2016-04-02,561,567,
DEN,2016-04-03,612,609,
DEN,2016-04-04,639,633,
DEN,2016-04-05,598,598,
DEN,2016-04-06,604,605,
DEN,2016-04-07,628,630,
DEN,2016-04-08,631,631,
DEN,2016-04-09,526,531,
DEN,2016-04-10,596,584,
DEN,2016-04-11,632,631,
DEN,2016-04-12,595,598,
DEN,2016-04-13,611,609,
DEN,2016-04-14,630,626,
DEN,2016-04-15,610,610,
DEN,2016-04-16,141,129,
DEN,2016-04-17,534,544,
DEN,2016-04-18,621,620,
DEN,2016-04-19,602,599,
DEN,2016-04-20,609,606,
DEN,2016-04-21,629,632,
DEN,2016-04-22,631,631,
DEN,2016-04-23,496,503,
DEN,2016-04-24,591,586,
DEN,2016-04-25,628,629,
DEN,2016-04-26,598,599,
DEN,2016-04-27,606,602,
DEN,2016-04-28,630,631,
DEN,2016-04-29,557,553,
DEN,2016-04-30,490,497,
DEN,2016-05-01,585,584,
DEN,2016-05-02,626,627,
DEN,2016-05-03,602,599,
DEN,2016-05-04,609,609,
DEN,2016-05-05,641,643,
DEN,2016-05-06,644,626,
DEN,2016-05-07,507,504,
DEN,2016-05-08,609,582,
DEN,2016-05-09,645,647,
DEN,2016-05-10,635,618,
DEN,2016-05-11,637,626,
DEN,2016-05-12,644,647,
DEN,2016-05-13,649,648,
DEN,2016-05-14,512,515,
DEN,2016-05-15,614,609,
DEN,2016-05-16,644,632,
DEN,2016-05-17,647,645,
DEN,2016-05-18,641,642,
DEN,2016-05-19,650,653,
DEN,2016-05-20,649,650,
DEN,2016-05-21,514,515,
DEN,2016-05-22,617,612,
DEN,2016-05-23,648,651,
DEN,2016-05-24,642,631,
DEN,2016-05-25,639,639,
DEN,2016-05-26,619,607,
DEN,2016-05-27,634,634,
DEN,2016-05-28,489,493,
DEN,2016-05-29,493,494,
DEN,2016-05-30,614,592,
DEN,2016-05-31,641,638,
DFW,2016-01-01,520,516,
DFW,2016-01-02,511,510,
DFW,2016-01-03,590,592,
DFW,2016-01-04,540,541,
DFW,2016-01-05,530,530,
DFW,2016-01-06,542,544,
DFW,2016-01-07,545,547,
DFW,2016-01-08,554,550,
DFW,2016-01-09,449,440,
DFW,2016-01-10,517,521,
DFW,2016-01-11,554,557,
DFW,2016-01-12,537,537,
DFW,2016-01-13,546,548,
DFW,2016-01-14,558,559,
DFW,2016-01-15,561,557,
DFW,2016-01-16,450,444,
DFW,2016-01-17,508,520,
DFW,2016-01-18,560,556,
DFW,2016-01-19,537,537,
DFW,2016-01-20,543,546,
DFW,2016-01-21,545,552,
DFW,2016-01-22,512,525,
DFW,2016-01-23,405,391,
DFW,2016-01-24,476,485,
DFW,2016-01-25,545,532,
DFW,2016-01-26,539,538,
DFW,2016-01-27,548,548,
DFW,2016-01-28,558,558,
DFW,2016-01-29,563,560,
DFW,2016-01-30,450,441,
DFW,2016-01-31,517,528,
DFW,2016-02-01,544,546,
DFW,2016-02-02,534,530,
DFW,2016-02-03,547,547,
DFW,2016-02-04,561,557,
DFW,2016-02-05,558,559,
DFW,2016-02-06,454,446,
DFW,2016-02-07,510,520,
DFW,2016-02-08,556,557,
DFW,2016-02-09,537,535,
DFW,2016-02-10,545,543,
DFW,2016-02-11,551,544,
DFW,2016-02-12,542,543,
DFW,2016-02-13,448,446,
DFW,2016-02-14,513,516,
DFW,2016-02-15,531,533,
DFW,2016-02-16,531,533,
DFW,2016-02-17,536,535,
DFW,2016-02-18,541,544,
DFW,2016-02-19,547,544,
DFW,2016-02-20,454,455,
DFW,2016-02-21,528,528,
DFW,2016-02-22,551,550,
DFW,2016-02-23,537,536,
DFW,2016-02-24,520,533,
DFW,2016-02-25,543,545,
DFW,2016-02-26,553,550,
DFW,2016-02-27,455,454,
DFW,2016-02-28,529,530,
DFW,2016-02-29,549,550,
DFW,2016-03-01,541,541,
DFW,2016-03-02,548,551,
DFW,2016-03-03,565,560,
DFW,2016-03-04,565,565,
DFW,2016-03-05,479,484,
DFW,2016-03-06,548,544,
DFW,2016-03-07,554,551,
DFW,2016-03-08,504,483,
DFW,2016-03-09,533,533,
DFW,2016-03-10,546,543,
DFW,2016-03-11,564,562,
DFW,2016-03-12,476,483,
DFW,2016-03-13,598,588,
DFW,2016-03-14,560,563,
DFW,2016-03-15,550,547,
DFW,2016-03-16,553,555,
DFW,2016-03-17,557,546,
DFW,2016-03-18,564,566,
DFW,2016-03-19,480,484,
DFW,2016-03-20,593,588,
DFW,2016-03-21,560,556,
DFW,2016-03-22,549,550,
DFW,2016-03-23,530,528,
DFW,2016-03-24,554,550,
DFW,2016-03-25,561,559,
DFW,2016-03-26,468,471,
DFW,2016-03-27,544,542,
DFW,2016-03-28,555,558,
DFW,2016-03-29,551,551,
DFW,2016-03-30,531,535,
DFW,2016-03-31,552,546,
DFW,2016-04-01,557,555,
DFW,2016-04-02,473,481,
DFW,2016-04-03,544,543,
DFW,2016-04-04,555,555,
DFW,2016-04-05,542,542,
DFW,2016-04-06,550,550,
DFW,2016-04-07,552,549,
DFW,2016-04-08,558,555,
DFW,2016-04-09,458,465,
DFW,2016-04-10,543,538,
DFW,2016-04-11,554,544,
DFW,2016-04-12,545,545,
DFW,2016-04-13,550,548,
DFW,2016-04-14,554,552,
DFW,2016-04-15,559,558,
DFW,2016-04-16,449,462,
DFW,2016-04-17,398,360,
DFW,2016-04-18,549,545,
DFW,2016-04-19,548,547,
DFW,2016-04-20,552,551,
DFW,2016-04-21,555,553,
DFW,2016-04-22,558,556,
DFW,2016-04-23,460,468,
DFW,2016-04-24,547,541,
DFW,2016-04-25,559,556,
DFW,2016-04-26,533,539,
DFW,2016-04-27,546,538,
DFW,2016-04-28,553,549,
DFW,2016-04-29,471,482,
DFW,2016-04-30,455,439,
DFW,2016-05-01,549,546,
DFW,2016-05-02,556,553,
DFW,2016-05-03,549,548,
DFW,2016-05-04,543,554,
DFW,2016-05-05,550,553,
DFW,2016-05-06,547,550,
DFW,2016-05-07,443,449,
DFW,2016-05-08,529,522,
DFW,2016-05-09,549,547,
DFW,2016-05-10,537,530,
DFW,2016-05-11,539,537,
DFW,2016-05-12,550,547,
DFW,2016-05-13,552,549,
DFW,2016-05-14,440,448,
DFW,2016-05-15,534,527,
DFW,2016-05-16,549,548,
DFW,2016-05-17,540,541,
DFW,2016-05-18,545,543,
DFW,2016-05-19,547,546,
DFW,2016-05-20,552,549,
DFW,2016-05-21,437,446,
DFW,2016-05-22,536,530,
DFW,2016-05-23,548,541,
DFW,2016-05-24,542,545,
DFW,2016-05-25,543,542,
DFW,2016-05-26,568,586,
DFW,2016-05-27,540,530,
DFW,2016-05-28,430,436,
DFW,2016-05-29,484,460,
DFW,2016-05-30,544,543,
DFW,2016-05-31,467,443,
JFK,2016-01-01,258,262,
JFK,2016-01-02,270,274,
JFK,2016-01-03,289,285,
JFK,2016-01-04,283,275,
JFK,2016-01-05,244,241,
JFK,2016-01-06,249,250,
JFK,2016-01-07,264,259,
JFK,2016-01-08,256,261,
JFK,2016-01-09,224,223,
JFK,2016-01-10,260,244,
JFK,2016-01-11,269,268,
JFK,2016-01-12,249,245,
JFK,2016-01-13,257,255,
JFK,2016-01-14,272,273,
JFK,2016-01-15,263,267,
JFK,2016-01-16,222,223,
JFK,2016-01-17,256,249,
JFK,2016-01-18,266,266,
JFK,2016-01-19,252,252,
JFK,2016-01-20,254,254,
JFK,2016-01-21,270,272,
JFK,2016-01-22,248,187,
JFK,2016-01-23,0,3,
JFK,2016-01-24,89,128,
JFK,2016-01-25,245,257,
JFK,2016-01-26,253,253,
JFK,2016-01-27,252,255,
JFK,2016-01-28,272,272,
JFK,2016-01-29,264,264,
JFK,2016-01-30,224,226,
JFK,2016-01-31,262,260,
JFK,2016-02-01,267,267,
JFK,2016-02-02,249,252,
JFK,2016-02-03,256,255,
JFK,2016-02-04,271,271,
JFK,2016-02-05,256,246,
JFK,2016-02-06,227,228,
JFK,2016-02-07,258,255,
JFK,2016-02-08,256,246,
JFK,2016-02-09,252,253,
JFK,2016-02-10,257,254,
JFK,2016-02-11,276,278,
JFK,2016-02-12,273,278,
JFK,2016-02-13,241,241,
JFK,2016-02-14,258,254,
JFK,2016-02-15,245,252,
JFK,2016-02-16,254,234,
JFK,2016-02-17,264,261,
JFK,2016-02-18,277,279,
JFK,2016-02-19,274,275,
JFK,2016-02-20,243,243,
JFK,2016-02-21,274,274,
JFK,2016-02-22,278,275,
JFK,2016-02-23,256,257,
JFK,2016-02-24,246,231,
JFK,2016-02-25,273,273,
JFK,2016-02-26,273,276,
JFK,2016-02-27,237,235,
JFK,2016-02-28,275,271,
JFK,2016-02-29,277,278,
JFK,2016-03-01,256,264,
JFK,2016-03-02,269,271,
JFK,2016-03-03,288,283,
JFK,2016-03-04,281,282,
JFK,2016-03-05,246,245,
JFK,2016-03-06,279,280,
JFK,2016-03-07,278,280,
JFK,2016-03-08,264,265,
JFK,2016-03-09,275,276,
JFK,2016-03-10,288,286,
JFK,2016-03-11,284,286,
JFK,2016-03-12,249,251,
JFK,2016-03-13,282,278,
JFK,2016-03-14,284,283,
JFK,2016-03-15,266,267,
JFK,2016-03-16,279,277,
JFK,2016-03-17,290,288,
JFK,2016-03-18,286,287,
JFK,2016-03-19,249,250,
JFK,2016-03-20,284,282,
JFK,2016-03-21,284,284,
JFK,2016-03-22,268,268,
JFK,2016-03-23,276,276,
JFK,2016-03-24,285,283,
JFK,2016-03-25,282,285,
JFK,2016-03-26,249,251,
JFK,2016-03-27,278,276,
JFK,2016-03-28,284,284,
JFK,2016-03-29,268,269,
JFK,2016-03-30,278,279,
JFK,2016-03-31,288,287,
JFK,2016-04-01,278,281,
JFK,2016-04-02,244,235,
JFK,2016-04-03,273,271,
JFK,2016-04-04,283,281,
JFK,2016-04-05,266,269,
JFK,2016-04-06,276,276,
JFK,2016-04-07,274,264,
JFK,2016-04-08,279,278,
JFK,2016-04-09,250,250,
JFK,2016-04-10,275,273,
JFK,2016-04-11,283,282,
JFK,2016-04-12,270,271,
JFK,2016-04-13,276,276,
JFK,2016-04-14,285,284,
JFK,2016-04-15,277,278,
JFK,2016-04-16,251,250,
JFK,2016-04-17,277,276,
JFK,2016-04-18,283,282,
JFK,2016-04-19,268,272,
JFK,2016-04-20,277,275,
JFK,2016-04-21,284,282,
JFK,2016-04-22,279,278,
JFK,2016-04-23,251,250,
JFK,2016-04-24,274,276,
JFK,2016-04-25,283,280,
JFK,2016-04-26,263,265,
JFK,2016-04-27,273,271,
JFK,2016-04-28,278,282,
JFK,2016-04-29,276,277,
JFK,2016-04-30,246,245,
JFK,2016-05-01,270,270,
JFK,2016-05-02,278,278,
JFK,2016-05-03,261,264,
JFK,2016-05-04,264,266,
JFK,2016-05-05,275,276,
JFK,2016-05-06,274,274,
JFK,2016-05-07,242,241,
JFK,2016-05-08,260,260,
JFK,2016-05-09,276,276,
JFK,2016-05-10,265,268,
JFK,2016-05-11,269,267,
JFK,2016-05-12,280,279,
JFK,2016-05-13,275,277,
JFK,2016-05-14,248,248,
JFK,2016-05-15,278,278,
JFK,2016-05-16,279,278,
JFK,2016-05-17,264,268,
JFK,2016-05-18,268,266,
JFK,2016-05-19,279,277,
JFK,2016-05-20,278,278,
JFK,2016-05-21,246,246,
JFK,2016-05-22,276,275,
JFK,2016-05-23,277,276,
JFK,2016-05-24,267,271,
JFK,2016-05-25,272,270,
JFK,2016-05-26,283,284,
JFK,2016-05-27,279,279,
JFK,2016-05-28,245,247,
JFK,2016-05-29,253,251,
JFK,2016-05-30,276,276,
JFK,2016-05-31,270,273,
LAS,2016-01-01,362,358,
LAS,2016-01-02,384,384,
LAS,2016-01-03,394,391,
LAS,2016-01-04,407,410,
LAS,2016-01-05,340,345,
LAS,2016-01-06,366,367,
LAS,2016-01-07,403,410,
LAS,2016-01-08,425,422,
LAS,2016-01-09,369,371,
LAS,2016-01-10,401,397,
LAS,2016-01-11,400,401,
LAS,2016-01-12,388,383,
LAS,2016-01-13,391,394,
LAS,2016-01-14,404,408,
LAS,2016-01-15,406,410,
LAS,2016-01-16,349,351,
LAS,2016-01-17,387,383,
LAS,2016-01-18,403,405,
LAS,2016-01-19,388,384,
LAS,2016-01-20,393,396,
LAS,2016-01-21,406,410,
LAS,2016-01-22,383,398,
LAS,2016-01-23,323,324,
LAS,2016-01-24,380,363,
LAS,2016-01-25,391,389,
LAS,2016-01-26,382,379,
LAS,2016-01-27,391,391,
LAS,2016-01-28,404,408,
LAS,2016-01-29,407,408,
LAS,2016-01-30,354,355,
LAS,2016-01-31,385,384,
LAS,2016-02-01,394,399,
LAS,2016-02-02,380,374,
LAS,2016-02-03,390,393,
LAS,2016-02-04,407,410,
LAS,2016-02-05,409,412,
LAS,2016-02-06,350,353,
LAS,2016-02-07,346,342,
LAS,2016-02-08,401,400,
LAS,2016-02-09,387,382,
LAS,2016-02-10,392,395,
LAS,2016-02-11,407,408,
LAS,2016-02-12,414,414,
LAS,2016-02-13,354,355,
LAS,2016-02-14,385,387,
LAS,2016-02-15,408,408,
LAS,2016-02-16,389,388,
LAS,2016-02-17,398,399,
LAS,2016-02-18,407,408,
LAS,2016-02-19,412,413,
LAS,2016-02-20,362,362,
LAS,2016-02-21,398,395,
LAS,2016-02-22,400,402,
LAS,2016-02-23,387,385,
LAS,2016-02-24,384,385,
LAS,2016-02-25,405,407,
LAS,2016-02-26,409,411,
LAS,2016-02-27,359,359,
LAS,2016-02-28,399,398,
LAS,2016-02-29,403,403,
LAS,2016-03-01,387,383,
LAS,2016-03-02,401,403,
LAS,2016-03-03,411,412,
LAS,2016-03-04,415,417,
LAS,2016-03-05,365,368,
LAS,2016-03-06,407,402,
LAS,2016-03-07,407,408,
LAS,2016-03-08,392,390,
LAS,2016-03-09,399,400,
LAS,2016-03-10,426,424,
LAS,2016-03-11,423,429,
LAS,2016-03-12,381,377,
LAS,2016-03-13,406,411,
LAS,2016-03-14,420,414,
LAS,2016-03-15,408,407,
LAS,2016-03-16,416,417,
LAS,2016-03-17,425,426,
LAS,2016-03-18,426,427,
LAS,2016-03-19,375,378,
LAS,2016-03-20,418,415,
LAS,2016-03-21,418,419,
LAS,2016-03-22,409,407,
LAS,2016-03-23,388,392,
LAS,2016-03-24,419,420,
LAS,2016-03-25,426,427,
LAS,2016-03-26,376,378,
LAS,2016-03-27,420,413,
LAS,2016-03-28,417,419,
LAS,2016-03-29,410,408,
LAS,2016-03-30,412,415,
LAS,2016-03-31,425,428,
LAS,2016-04-01,425,429,
LAS,2016-04-02,375,375,
LAS,2016-04-03,418,414,
LAS,2016-04-04,422,423,
LAS,2016-04-05,420,416,
LAS,2016-04-06,421,423,
LAS,2016-04-07,428,431,
LAS,2016-04-08,430,430,
LAS,2016-04-09,356,337,
LAS,2016-04-10,423,419,
LAS,2016-04-11,429,428,
LAS,2016-04-12,413,408,
LAS,2016-04-13,421,423,
LAS,2016-04-14,430,434,
LAS,2016-04-15,434,433,
LAS,2016-04-16,359,365,
LAS,2016-04-17,422,417,
LAS,2016-04-18,418,419,
LAS,2016-04-19,420,416,
LAS,2016-04-20,420,424,
LAS,2016-04-21,430,432,
LAS,2016-04-22,434,435,
LAS,2016-04-23,372,375,
LAS,2016-04-24,424,422,
LAS,2016-04-25,428,425,
LAS,2016-04-26,413,412,
LAS,2016-04-27,420,408,
LAS,2016-04-28,427,410,
LAS,2016-04-29,421,425,
LAS,2016-04-30,362,365,
LAS,2016-05-01,422,422,
LAS,2016-05-02,421,422,
LAS,2016-05-03,417,417,
LAS,2016-05-04,420,422,
LAS,2016-05-05,428,430,
LAS,2016-05-06,428,427,
LAS,2016-05-07,364,370,
LAS,2016-05-08,420,416,
LAS,2016-05-09,427,427,
LAS,2016-05-10,420,422,
LAS,2016-05-11,421,424,
LAS,2016-05-12,431,435,
LAS,2016-05-13,435,436,
LAS,2016-05-14,367,374,
LAS,2016-05-15,425,424,
LAS,2016-05-16,429,428,
LAS,2016-05-17,424,423,
LAS,2016-05-18,424,426,
LAS,2016-05-19,431,434,
LAS,2016-05-20,434,435,
LAS,2016-05-21,371,374,
LAS,2016-05-22,427,425,
LAS,2016-05-23,429,428,
LAS,2016-05-24,424,422,
LAS,2016-05-25,422,424,
LAS,2016-05-26,433,435,
LAS,2016-05-27,430,430,
LAS,2016-05-28,356,365,
LAS,2016-05-29,355,352,
LAS,2016-05-30,406,401,
LAS,2016-05-31,416,416,
LAX,2016-01-01,520,505,
LAX,2016-01-02,562,553,
LAX,2016-01-03,588,598,
LAX,2016-01-04,595,592,
LAX,2016-01-05,516,522,
LAX,2016-01-06,516,513,
LAX,2016-01-07,549,545,
LAX,2016-01-08,553,557,
LAX,2016-01-09,443,443,
LAX,2016-01-10,504,506,
LAX,2016-01-11,549,551,
LAX,2016-01-12,524,531,
LAX,2016-01-13,537,530,
LAX,2016-01-14,550,550,
LAX,2016-01-15,549,555,
LAX,2016-01-16,431,434,
LAX,2016-01-17,480,480,
LAX,2016-01-18,546,550,
LAX,2016-01-19,520,526,
LAX,2016-01-20,534,527,
LAX,2016-01-21,551,551,
LAX,2016-01-22,501,526,
LAX,2016-01-23,383,385,
LAX,2016-01-24,466,457,
LAX,2016-01-25,536,528,
LAX,2016-01-26,518,519,
LAX,2016-01-27,531,527,
LAX,2016-01-28,551,549,
LAX,2016-01-29,552,552,
LAX,2016-01-30,433,435,
LAX,2016-01-31,502,503,
LAX,2016-02-01,534,542,
LAX,2016-02-02,510,515,
LAX,2016-02-03,534,529,
LAX,2016-02-04,554,547,
LAX,2016-02-05,553,553,
LAX,2016-02-06,427,430,
LAX,2016-02-07,466,462,
LAX,2016-02-08,544,548,
LAX,2016-02-09,511,512,
LAX,2016-02-10,535,529,
LAX,2016-02-11,562,560,
LAX,2016-02-12,570,566,
LAX,2016-02-13,438,445,
LAX,2016-02-14,480,481,
LAX,2016-02-15,552,545,
LAX,2016-02-16,526,530,
LAX,2016-02-17,540,533,
LAX,2016-02-18,558,553,
LAX,2016-02-19,566,562,
LAX,2016-02-20,450,458,
LAX,2016-02-21,532,529,
LAX,2016-02-22,560,561,
LAX,2016-02-23,533,536,
LAX,2016-02-24,535,536,
LAX,2016-02-25,565,564,
LAX,2016-02-26,572,572,
LAX,2016-02-27,450,443,
LAX,2016-02-28,534,531,
LAX,2016-02-29,562,558,
LAX,2016-03-01,532,534,
LAX,2016-03-02,550,547,
LAX,2016-03-03,574,575,
LAX,2016-03-04,581,580,
LAX,2016-03-05,465,471,
LAX,2016-03-06,544,538,
LAX,2016-03-07,560,562,
LAX,2016-03-08,541,542,
LAX,2016-03-09,549,544,
LAX,2016-03-10,575,575,
LAX,2016-03-11,589,584,
LAX,2016-03-12,479,482,
LAX,2016-03-13,551,553,
LAX,2016-03-14,571,573,
LAX,2016-03-15,547,552,
LAX,2016-03-16,561,555,
LAX,2016-03-17,586,585,
LAX,2016-03-18,589,589,
LAX,2016-03-19,481,486,
LAX,2016-03-20,563,559,
LAX,2016-03-21,577,576,
LAX,2016-03-22,549,554,
LAX,2016-03-23,540,536,
LAX,2016-03-24,578,579,
LAX,2016-03-25,584,584,
LAX,2016-03-26,483,486,
LAX,2016-03-27,562,558,
LAX,2016-03-28,578,577,
LAX,2016-03-29,551,558,
LAX,2016-03-30,562,555,
LAX,2016-03-31,580,580,
LAX,2016-04-01,577,578,
LAX,2016-04-02,467,475,
LAX,2016-04-03,555,550,
LAX,2016-04-04,581,578,
LAX,2016-04-05,563,564,
LAX,2016-04-06,575,573,
LAX,2016-04-07,584,584,
LAX,2016-04-08,587,589,
LAX,2016-04-09,475,477,
LAX,2016-04-10,567,564,
LAX,2016-04-11,588,585,
LAX,2016-04-12,565,568,
LAX,2016-04-13,582,579,
LAX,2016-04-14,596,596,
LAX,2016-04-15,594,590,
LAX,2016-04-16,467,470,
LAX,2016-04-17,568,567,
LAX,2016-04-18,584,579,
LAX,2016-04-19,572,575,
LAX,2016-04-20,578,575,
LAX,2016-04-21,595,595,
LAX,2016-04-22,591,592,
LAX,2016-04-23,478,480,
LAX,2016-04-24,575,572,
LAX,2016-04-25,591,590,
LAX,2016-04-26,568,573,
LAX,2016-04-27,571,571,
LAX,2016-04-28,586,589,
LAX,2016-04-29,583,585,
LAX,2016-04-30,477,481,
LAX,2016-05-01,568,566,
LAX,2016-05-02,573,573,
LAX,2016-05-03,567,569,
LAX,2016-05-04,572,574,
LAX,2016-05-05,591,591,
LAX,2016-05-06,590,593,
LAX,2016-05-07,481,486,
LAX,2016-05-08,566,558,
LAX,2016-05-09,587,588,
LAX,2016-05-10,570,571,
LAX,2016-05-11,580,579,
LAX,2016-05-12,591,592,
LAX,2016-05-13,587,591,
LAX,2016-05-14,486,492,
LAX,2016-05-15,578,570,
LAX,2016-05-16,589,591,
LAX,2016-05-17,576,579,
LAX,2016-05-18,582,580,
LAX,2016-05-19,595,597,
LAX,2016-05-20,591,594,
LAX,2016-05-21,488,491,
LAX,2016-05-22,579,574,
LAX,2016-05-23,591,591,
LAX,2016-05-24,579,579,
LAX,2016-05-25,580,579,
LAX,2016-05-26,593,597,
LAX,2016-05-27,585,591,
LAX,2016-05-28,464,477,
LAX,2016-05-29,492,484,
LAX,2016-05-30,567,564,
LAX,2016-05-31,575,587,
ORD,2016-01-01,562,562,
ORD,2016-01-02,609,631,
ORD,2016-01-03,664,676,
ORD,2016-01-04,686,668,
ORD,2016-01-05,617,615,
ORD,2016-01-06,604,606,
ORD,2016-01-07,620,622,
ORD,2016-01-08,623,623,
ORD,2016-01-09,436,436,
ORD,2016-01-10,572,568,
ORD,2016-01-11,626,629,
ORD,2016-01-12,614,610,
ORD,2016-01-13,603,603,
ORD,2016-01-14,636,637,
ORD,2016-01-15,629,630,
ORD,2016-01-16,463,468,
ORD,2016-01-17,553,540,
ORD,2016-01-18,630,634,
ORD,2016-01-19,608,608,
ORD,2016-01-20,601,604,
ORD,2016-01-21,628,633,
ORD,2016-01-22,553,592,
ORD,2016-01-23,400,390,
ORD,2016-01-24,515,494,
ORD,2016-01-25,612,601,
ORD,2016-01-26,611,604,
ORD,2016-01-27,606,608,
ORD,2016-01-28,636,636,
ORD,2016-01-29,637,636,
ORD,2016-01-30,466,466,
ORD,2016-01-31,577,570,
ORD,2016-02-01,619,622,
ORD,2016-02-02,571,573,
ORD,2016-02-03,604,596,
ORD,2016-02-04,631,632,
ORD,2016-02-05,633,627,
ORD,2016-02-06,462,464,
ORD,2016-02-07,525,515,
ORD,2016-02-08,609,622,
ORD,2016-02-09,608,605,
ORD,2016-02-10,607,616,
ORD,2016-02-11,655,659,
ORD,2016-02-12,650,648,
ORD,2016-02-13,483,483,
ORD,2016-02-14,518,520,
ORD,2016-02-15,597,597,
ORD,2016-02-16,627,619,
ORD,2016-02-17,637,633,
ORD,2016-02-18,654,651,
ORD,2016-02-19,584,576,
ORD,2016-02-20,500,498,
ORD,2016-02-21,614,614,
ORD,2016-02-22,657,653,
ORD,2016-02-23,642,639,
ORD,2016-02-24,357,357,
ORD,2016-02-25,642,628,
ORD,2016-02-26,653,651,
ORD,2016-02-27,502,499,
ORD,2016-02-28,615,619,
ORD,2016-02-29,654,654,
ORD,2016-03-01,538,509,
ORD,2016-03-02,644,636,
ORD,2016-03-03,670,676,
ORD,2016-03-04,661,659,
ORD,2016-03-05,543,541,
ORD,2016-03-06,626,633,
ORD,2016-03-07,663,667,
ORD,2016-03-08,650,650,
ORD,2016-03-09,657,660,
ORD,2016-03-10,659,659,
ORD,2016-03-11,667,663,
ORD,2016-03-12,542,542,
ORD,2016-03-13,634,636,
ORD,2016-03-14,662,664,
ORD,2016-03-15,652,650,
ORD,2016-03-16,657,658,
ORD,2016-03-17,662,664,
ORD,2016-03-18,659,661,
ORD,2016-03-19,542,538,
ORD,2016-03-20,629,637,
ORD,2016-03-21,662,662,
ORD,2016-03-22,646,647,
ORD,2016-03-23,630,620,
ORD,2016-03-24,659,656,
ORD,2016-03-25,651,649,
ORD,2016-03-26,545,541,
ORD,2016-03-27,634,638,
ORD,2016-03-28,661,661,
ORD,2016-03-29,650,644,
ORD,2016-03-30,641,634,
ORD,2016-03-31,641,635,
ORD,2016-04-01,662,658,
ORD,2016-04-02,540,538,
ORD,2016-04-03,637,635,
ORD,2016-04-04,669,669,
ORD,2016-04-05,681,680,
ORD,2016-04-06,681,685,
ORD,2016-04-07,684,681,
ORD,2016-04-08,685,687,
ORD,2016-04-09,533,535,
ORD,2016-04-10,655,655,
ORD,2016-04-11,688,690,
ORD,2016-04-12,683,687,
ORD,2016-04-13,684,686,
ORD,2016-04-14,691,689,
ORD,2016-04-15,689,696,
ORD,2016-04-16,524,528,
ORD,2016-04-17,657,648,
ORD,2016-04-18,683,678,
ORD,2016-04-19,690,691,
ORD,2016-04-20,690,692,
ORD,2016-04-21,691,689,
ORD,2016-04-22,694,697,
ORD,2016-04-23,540,542,
ORD,2016-04-24,664,661,
ORD,2016-04-25,693,696,
ORD,2016-04-26,687,689,
ORD,2016-04-27,684,691,
ORD,2016-04-28,688,691,
ORD,2016-04-29,688,689,
ORD,2016-04-30,536,538,
ORD,2016-05-01,663,659,
ORD,2016-05-02,701,701,
ORD,2016-05-03,703,705,
ORD,2016-05-04,709,708,
ORD,2016-05-05,731,727,
ORD,2016-05-06,730,733,
ORD,2016-05-07,576,576,
ORD,2016-05-08,702,703,
ORD,2016-05-09,734,735,
ORD,2016-05-10,730,731,
ORD,2016-05-11,727,728,
ORD,2016-05-12,728,726,
ORD,2016-05-13,732,731,
ORD,2016-05-14,579,577,
ORD,2016-05-15,699,699,
ORD,2016-05-16,733,732,
ORD,2016-05-17,728,730,
ORD,2016-05-18,730,723,
ORD,2016-05-19,728,728,
ORD,2016-05-20,729,730,
ORD,2016-05-21,571,572,
ORD,2016-05-22,692,691,
ORD,2016-05-23,731,731,
ORD,2016-05-24,731,730,
ORD,2016-05-25,656,653,
ORD,2016-05-26,723,682,
ORD,2016-05-27,719,714,
ORD,2016-05-28,542,534,
ORD,2016-05-29,544,548,
ORD,2016-05-30,690,684,
ORD,2016-05-31,669,662,
PHX,2016-01-01,413,418,
PHX,2016-01-02,457,459,
PHX,2016-01-03,468,468,
PHX,2016-01-04,460,448,
PHX,2016-01-05,388,383,
PHX,2016-01-06,416,421,
PHX,2016-01-07,424,426,
PHX,2016-01-08,432,428,
PHX,2016-01-09,384,381,
PHX,2016-01-10,414,416,
PHX,2016-01-11,431,432,
PHX,2016-01-12,375,392,
PHX,2016-01-13,423,423,
PHX,2016-01-14,434,434,
PHX,2016-01-15,434,434,
PHX,2016-01-16,379,380,
PHX,2016-01-17,406,404,
PHX,2016-01-18,434,432,
PHX,2016-01-19,385,381,
PHX,2016-01-20,420,424,
PHX,2016-01-21,433,433,
PHX,2016-01-22,407,416,
PHX,2016-01-23,350,344,
PHX,2016-01-24,394,390,
PHX,2016-01-25,430,420,
PHX,2016-01-26,383,381,
PHX,2016-01-27,419,419,
PHX,2016-01-28,429,431,
PHX,2016-01-29,435,430,
PHX,2016-01-30,378,378,
PHX,2016-01-31,412,415,
PHX,2016-02-01,423,425,
PHX,2016-02-02,379,379,
PHX,2016-02-03,423,419,
PHX,2016-02-04,432,434,
PHX,2016-02-05,433,431,
PHX,2016-02-06,382,381,
PHX,2016-02-07,372,376,
PHX,2016-02-08,439,437,
PHX,2016-02-09,388,386,
PHX,2016-02-10,422,427,
PHX,2016-02-11,446,461,
PHX,2016-02-12,457,461,
PHX,2016-02-13,400,387,
PHX,2016-02-14,407,409,
PHX,2016-02-15,435,431,
PHX,2016-02-16,430,428,
PHX,2016-02-17,427,428,
PHX,2016-02-18,439,435,
PHX,2016-02-19,439,437,
PHX,2016-02-20,390,387,
PHX,2016-02-21,416,416,
PHX,2016-02-22,437,437,
PHX,2016-02-23,429,429,
PHX,2016-02-24,422,424,
PHX,2016-02-25,436,436,
PHX,2016-02-26,440,437,
PHX,2016-02-27,388,385,
PHX,2016-02-28,419,420,
PHX,2016-02-29,441,437,
PHX,2016-03-01,430,431,
PHX,2016-03-02,436,434,
PHX,2016-03-03,450,453,
PHX,2016-03-04,465,476,
PHX,2016-03-05,430,428,
PHX,2016-03-06,451,454,
PHX,2016-03-07,464,451,
PHX,2016-03-08,444,444,
PHX,2016-03-09,448,449,
PHX,2016-03-10,481,494,
PHX,2016-03-11,491,489,
PHX,2016-03-12,446,428,
PHX,2016-03-13,474,480,
PHX,2016-03-14,471,467,
PHX,2016-03-15,461,460,
PHX,2016-03-16,464,461,
PHX,2016-03-17,494,495,
PHX,2016-03-18,494,492,
PHX,2016-03-19,456,450,
PHX,2016-03-20,479,483,
PHX,2016-03-21,470,468,
PHX,2016-03-22,459,460,
PHX,2016-03-23,441,442,
PHX,2016-03-24,489,491,
PHX,2016-03-25,496,492,
PHX,2016-03-26,456,454,
PHX,2016-03-27,455,458,
PHX,2016-03-28,466,467,
PHX,2016-03-29,462,461,
PHX,2016-03-30,464,462,
PHX,2016-03-31,470,470,
PHX,2016-04-01,469,468,
PHX,2016-04-02,426,427,
PHX,2016-04-03,475,480,
PHX,2016-04-04,466,463,
PHX,2016-04-05,455,450,
PHX,2016-04-06,456,455,
PHX,2016-04-07,460,460,
PHX,2016-04-08,460,461,
PHX,2016-04-09,420,421,
PHX,2016-04-10,449,447,
PHX,2016-04-11,459,459,
PHX,2016-04-12,442,444,
PHX,2016-04-13,453,451,
PHX,2016-04-14,454,455,
PHX,2016-04-15,459,455,
PHX,2016-04-16,376,375,
PHX,2016-04-17,436,433,
PHX,2016-04-18,449,450,
PHX,2016-04-19,445,446,
PHX,2016-04-20,450,448,
PHX,2016-04-21,451,450,
PHX,2016-04-22,457,456,
PHX,2016-04-23,390,390,
PHX,2016-04-24,440,441,
PHX,2016-04-25,452,450,
PHX,2016-04-26,444,442,
PHX,2016-04-27,448,447,
PHX,2016-04-28,452,451,
PHX,2016-04-29,455,454,
PHX,2016-04-30,390,388,
PHX,2016-05-01,436,440,
PHX,2016-05-02,448,448,
PHX,2016-05-03,442,445,
PHX,2016-05-04,449,447,
PHX,2016-05-05,451,450,
PHX,2016-05-06,453,451,
PHX,2016-05-07,386,386,
PHX,2016-05-08,431,433,
PHX,2016-05-09,451,451,
PHX,2016-05-10,442,444,
PHX,2016-05-11,447,444,
PHX,2016-05-12,449,449,
PHX,2016-05-13,453,451,
PHX,2016-05-14,388,388,
PHX,2016-05-15,435,436,
PHX,2016-05-16,453,452,
PHX,2016-05-17,445,437,
PHX,2016-05-18,448,450,
PHX,2016-05-19,452,451,
PHX,2016-05-20,455,455,
PHX,2016-05-21,390,391,
PHX,2016-05-22,455,455,
PHX,2016-05-23,452,452,
PHX,2016-05-24,448,446,
PHX,2016-05-25,443,446,
PHX,2016-05-26,464,466,
PHX,2016-05-27,469,466,
PHX,2016-05-28,379,383,
PHX,2016-05-29,392,392,
PHX,2016-05-30,447,447,
PHX,2016-05-31,445,450,
SAN,2016-01-01,181,178,
SAN,2016-01-02,204,200,
SAN,2016-01-03,224,227,
SAN,2016-01-04,207,209,
SAN,2016-01-05,180,183,
SAN,2016-01-06,181,184,
SAN,2016-01-07,207,205,
SAN,2016-01-08,202,206,
SAN,2016-01-09,149,153,
SAN,2016-01-10,188,184,
SAN,2016-01-11,204,205,
SAN,2016-01-12,194,193,
SAN,2016-01-13,195,199,
SAN,2016-01-14,207,202,
SAN,2016-01-15,204,209,
SAN,2016-01-16,148,151,
SAN,2016-01-17,182,179,
SAN,2016-01-18,207,207,
SAN,2016-01-19,190,187,
SAN,2016-01-20,197,200,
SAN,2016-01-21,205,203,
SAN,2016-01-22,190,199,
SAN,2016-01-23,140,142,
SAN,2016-01-24,176,170,
SAN,2016-01-25,203,199,
SAN,2016-01-26,193,191,
SAN,2016-01-27,195,198,
SAN,2016-01-28,205,203,
SAN,2016-01-29,205,208,
SAN,2016-01-30,149,151,
SAN,2016-01-31,183,176,
SAN,2016-02-01,201,204,
SAN,2016-02-02,192,189,
SAN,2016-02-03,200,203,
SAN,2016-02-04,210,208,
SAN,2016-02-05,206,210,
SAN,2016-02-06,149,152,
SAN,2016-02-07,168,164,
SAN,2016-02-08,206,207,
SAN,2016-02-09,195,191,
SAN,2016-02-10,196,199,
SAN,2016-02-11,212,209,
SAN,2016-02-12,211,204,
SAN,2016-02-13,157,154,
SAN,2016-02-14,182,185,
SAN,2016-02-15,205,207,
SAN,2016-02-16,200,200,
SAN,2016-02-17,194,198,
SAN,2016-02-18,209,209,
SAN,2016-02-19,207,209,
SAN,2016-02-20,156,152,
SAN,2016-02-21,190,193,
SAN,2016-02-22,208,205,
SAN,2016-02-23,194,195,
SAN,2016-02-24,201,204,
SAN,2016-02-25,208,206,
SAN,2016-02-26,208,210,
SAN,2016-02-27,154,152,
SAN,2016-02-28,191,193,
SAN,2016-02-29,207,206,
SAN,2016-03-01,195,194,
SAN,2016-03-02,197,199,
SAN,2016-03-03,213,211,
SAN,2016-03-04,215,217,
SAN,2016-03-05,170,165,
SAN,2016-03-06,195,196,
SAN,2016-03-07,213,213,
SAN,2016-03-08,202,200,
SAN,2016-03-09,200,205,
SAN,2016-03-10,213,209,
SAN,2016-03-11,216,216,
SAN,2016-03-12,185,183,
SAN,2016-03-13,202,204,
SAN,2016-03-14,217,216,
SAN,2016-03-15,208,207,
SAN,2016-03-16,210,212,
SAN,2016-03-17,219,216,
SAN,2016-03-18,218,219,
SAN,2016-03-19,187,186,
SAN,2016-03-20,209,209,
SAN,2016-03-21,216,216,
SAN,2016-03-22,210,208,
SAN,2016-03-23,195,199,
SAN,2016-03-24,218,215,
SAN,2016-03-25,218,219,
SAN,2016-03-26,187,186,
SAN,2016-03-27,206,207,
SAN,2016-03-28,218,217,
SAN,2016-03-29,207,206,
SAN,2016-03-30,209,211,
SAN,2016-03-31,214,212,
SAN,2016-04-01,215,217,
SAN,2016-04-02,185,184,
SAN,2016-04-03,208,206,
SAN,2016-04-04,216,216,
SAN,2016-04-05,211,210,
SAN,2016-04-06,214,217,
SAN,2016-04-07,216,216,
SAN,2016-04-08,218,220,
SAN,2016-04-09,181,181,
SAN,2016-04-10,205,210,
SAN,2016-04-11,217,218,
SAN,2016-04-12,215,214,
SAN,2016-04-13,219,221,
SAN,2016-04-14,222,220,
SAN,2016-04-15,220,224,
SAN,2016-04-16,174,172,
SAN,2016-04-17,205,206,
SAN,2016-04-18,220,219,
SAN,2016-04-19,214,215,
SAN,2016-04-20,219,221,
SAN,2016-04-21,223,221,
SAN,2016-04-22,221,222,
SAN,2016-04-23,182,180,
SAN,2016-04-24,208,209,
SAN,2016-04-25,224,224,
SAN,2016-04-26,212,214,
SAN,2016-04-27,217,219,
SAN,2016-04-28,219,222,
SAN,2016-04-29,218,221,
SAN,2016-04-30,181,180,
SAN,2016-05-01,211,209,
SAN,2016-05-02,221,221,
SAN,2016-05-03,213,211,
SAN,2016-05-04,216,219,
SAN,2016-05-05,221,220,
SAN,2016-05-06,218,223,
SAN,2016-05-07,179,176,
SAN,2016-05-08,208,210,
SAN,2016-05-09,221,219,
SAN,2016-05-10,212,215,
SAN,2016-05-11,216,219,
SAN,2016-05-12,224,221,
SAN,2016-05-13,221,223,
SAN,2016-05-14,180,181,
SAN,2016-05-15,209,210,
SAN,2016-05-16,222,222,
SAN,2016-05-17,217,216,
SAN,2016-05-18,220,223,
SAN,2016-05-19,223,222,
SAN,2016-05-20,220,221,
SAN,2016-05-21,182,181,
SAN,2016-05-22,210,210,
SAN,2016-05-23,217,218,
SAN,2016-05-24,213,215,
SAN,2016-05-25,211,214,
SAN,2016-05-26,217,220,
SAN,2016-05-27,217,220,
SAN,2016-05-28,175,175,
SAN,2016-05-29,168,170,
SAN,2016-05-30,205,203,
SAN,2016-05-31,211,215,
SFO,2016-01-01,427,407,
SFO,2016-01-02,448,450,
SFO,2016-01-03,456,453,
SFO,2016-01-04,470,473,
SFO,2016-01-05,408,419,
SFO,2016-01-06,377,375,
SFO,2016-01-07,439,440,
SFO,2016-01-08,447,447,
SFO,2016-01-09,343,347,
SFO,2016-01-10,416,418,
SFO,2016-01-11,443,446,
SFO,2016-01-12,423,421,
SFO,2016-01-13,418,414,
SFO,2016-01-14,423,418,
SFO,2016-01-15,448,449,
SFO,2016-01-16,332,338,
SFO,2016-01-17,382,376,
SFO,2016-01-18,438,441,
SFO,2016-01-19,390,390,
SFO,2016-01-20,421,420,
SFO,2016-01-21,445,447,
SFO,2016-01-22,359,384,
SFO,2016-01-23,294,303,
SFO,2016-01-24,381,372,
SFO,2016-01-25,438,427,
SFO,2016-01-26,418,412,
SFO,2016-01-27,426,422,
SFO,2016-01-28,446,444,
SFO,2016-01-29,438,439,
SFO,2016-01-30,336,339,
SFO,2016-01-31,412,406,
SFO,2016-02-01,438,443,
SFO,2016-02-02,393,391,
SFO,2016-02-03,426,423,
SFO,2016-02-04,447,451,
SFO,2016-02-05,469,466,
SFO,2016-02-06,347,346,
SFO,2016-02-07,392,404,
SFO,2016-02-08,464,461,
SFO,2016-02-09,421,419,
SFO,2016-02-10,428,421,
SFO,2016-02-11,452,453,
SFO,2016-02-12,459,455,
SFO,2016-02-13,343,343,
SFO,2016-02-14,393,394,
SFO,2016-02-15,430,441,
SFO,2016-02-16,428,424,
SFO,2016-02-17,386,382,
SFO,2016-02-18,442,442,
SFO,2016-02-19,443,438,
SFO,2016-02-20,346,347,
SFO,2016-02-21,430,430,
SFO,2016-02-22,454,456,
SFO,2016-02-23,433,426,
SFO,2016-02-24,425,429,
SFO,2016-02-25,452,453,
SFO,2016-02-26,454,456,
SFO,2016-02-27,348,350,
SFO,2016-02-28,429,431,
SFO,2016-02-29,444,443,
SFO,2016-03-01,428,424,
SFO,2016-03-02,439,435,
SFO,2016-03-03,468,462,
SFO,2016-03-04,466,466,
SFO,2016-03-05,341,341,
SFO,2016-03-06,432,437,
SFO,2016-03-07,466,469,
SFO,2016-03-08,446,447,
SFO,2016-03-09,445,443,
SFO,2016-03-10,424,416,
SFO,2016-03-11,421,427,
SFO,2016-03-12,379,373,
SFO,2016-03-13,417,425,
SFO,2016-03-14,469,470,
SFO,2016-03-15,458,456,
SFO,2016-03-16,470,472,
SFO,2016-03-17,489,488,
SFO,2016-03-18,484,482,
SFO,2016-03-19,390,390,
SFO,2016-03-20,465,468,
SFO,2016-03-21,466,473,
SFO,2016-03-22,462,456,
SFO,2016-03-23,447,447,
SFO,2016-03-24,485,485,
SFO,2016-03-25,484,484,
SFO,2016-03-26,395,395,
SFO,2016-03-27,464,467,
SFO,2016-03-28,481,477,
SFO,2016-03-29,464,460,
SFO,2016-03-30,467,470,
SFO,2016-03-31,481,481,
SFO,2016-04-01,474,473,
SFO,2016-04-02,386,383,
SFO,2016-04-03,461,457,
SFO,2016-04-04,478,478,
SFO,2016-04-05,465,465,
SFO,2016-04-06,474,475,
SFO,2016-04-07,484,488,
SFO,2016-04-08,477,475,
SFO,2016-04-09,383,380,
SFO,2016-04-10,460,466,
SFO,2016-04-11,479,480,
SFO,2016-04-12,467,467,
SFO,2016-04-13,477,480,
SFO,2016-04-14,495,493,
SFO,2016-04-15,490,490,
SFO,2016-04-16,365,359,
SFO,2016-04-17,460,463,
SFO,2016-04-18,484,487,
SFO,2016-04-19,475,473,
SFO,2016-04-20,476,476,
SFO,2016-04-21,495,492,
SFO,2016-04-22,484,482,
SFO,2016-04-23,380,377,
SFO,2016-04-24,462,466,
SFO,2016-04-25,490,493,
SFO,2016-04-26,469,471,
SFO,2016-04-27,470,466,
SFO,2016-04-28,491,491,
SFO,2016-04-29,493,488,
SFO,2016-04-30,378,378,
SFO,2016-05-01,465,471,
SFO,2016-05-02,488,495,
SFO,2016-05-03,476,472,
SFO,2016-05-04,486,486,
SFO,2016-05-05,501,499,
SFO,2016-05-06,494,491,
SFO,2016-05-07,397,397,
SFO,2016-05-08,474,476,
SFO,2016-05-09,505,506,
SFO,2016-05-10,492,491,
SFO,2016-05-11,493,495,
SFO,2016-05-12,507,507,
SFO,2016-05-13,506,501,
SFO,2016-05-14,399,403,
SFO,2016-05-15,477,479,
SFO,2016-05-16,507,508,
SFO,2016-05-17,493,491,
SFO,2016-05-18,495,496,
SFO,2016-05-19,502,490,
SFO,2016-05-20,484,483,
SFO,2016-05-21,403,403,
SFO,2016-05-22,478,482,
SFO,2016-05-23,505,504,
SFO,2016-05-24,491,487,
SFO,2016-05-25,480,482,
SFO,2016-05-26,502,504,
SFO,2016-05-27,497,495,
SFO,2016-05-28,378,389,
SFO,2016-05-29,397,390,
SFO,2016-05-30,484,481,
SFO,2016-05-31,489,489,
